{
	"BUILD_DIR" : "C:/Users/duhao/Desktop/code/CLion/cpp/McDonalds_Ordering_System_GUI_V1_3/cmake-build-debug-mingw-qt/McDonalds_Ordering_System_GUI_V1_3_autogen",
	"CMAKE_BINARY_DIR" : "C:/Users/duhao/Desktop/code/CLion/cpp/McDonalds_Ordering_System_GUI_V1_3/cmake-build-debug-mingw-qt",
	"CMAKE_CURRENT_BINARY_DIR" : "C:/Users/duhao/Desktop/code/CLion/cpp/McDonalds_Ordering_System_GUI_V1_3/cmake-build-debug-mingw-qt",
	"CMAKE_CURRENT_SOURCE_DIR" : "C:/Users/duhao/Desktop/code/CLion/cpp/McDonalds_Ordering_System_GUI_V1_3",
	"CMAKE_EXECUTABLE" : "C:/Program Files/JetBrains/CLion 2024.1/bin/cmake/win/x64/bin/cmake.exe",
	"CMAKE_LIST_FILES" : 
	[
		"C:/Users/duhao/Desktop/code/CLion/cpp/McDonalds_Ordering_System_GUI_V1_3/CMakeLists.txt",
		"C:/Users/duhao/Desktop/code/CLion/cpp/McDonalds_Ordering_System_GUI_V1_3/cmake-build-debug-mingw-qt/CMakeFiles/3.28.1/CMakeSystem.cmake",
		"C:/Program Files/JetBrains/CLion 2024.1/bin/cmake/win/x64/share/cmake-3.28/Modules/CMakeSystemSpecificInitialize.cmake",
		"C:/Program Files/JetBrains/CLion 2024.1/bin/cmake/win/x64/share/cmake-3.28/Modules/Platform/Windows-Initialize.cmake",
		"C:/Users/duhao/Desktop/code/CLion/cpp/McDonalds_Ordering_System_GUI_V1_3/cmake-build-debug-mingw-qt/CMakeFiles/3.28.1/CMakeCCompiler.cmake",
		"C:/Users/duhao/Desktop/code/CLion/cpp/McDonalds_Ordering_System_GUI_V1_3/cmake-build-debug-mingw-qt/CMakeFiles/3.28.1/CMakeCXXCompiler.cmake",
		"C:/Program Files/JetBrains/CLion 2024.1/bin/cmake/win/x64/share/cmake-3.28/Modules/CMakeSystemSpecificInformation.cmake",
		"C:/Program Files/JetBrains/CLion 2024.1/bin/cmake/win/x64/share/cmake-3.28/Modules/CMakeGenericSystem.cmake",
		"C:/Program Files/JetBrains/CLion 2024.1/bin/cmake/win/x64/share/cmake-3.28/Modules/CMakeInitializeConfigs.cmake",
		"C:/Program Files/JetBrains/CLion 2024.1/bin/cmake/win/x64/share/cmake-3.28/Modules/Platform/Windows.cmake",
		"C:/Program Files/JetBrains/CLion 2024.1/bin/cmake/win/x64/share/cmake-3.28/Modules/Platform/WindowsPaths.cmake",
		"C:/Program Files/JetBrains/CLion 2024.1/bin/cmake/win/x64/share/cmake-3.28/Modules/CMakeCInformation.cmake",
		"C:/Program Files/JetBrains/CLion 2024.1/bin/cmake/win/x64/share/cmake-3.28/Modules/CMakeLanguageInformation.cmake",
		"C:/Program Files/JetBrains/CLion 2024.1/bin/cmake/win/x64/share/cmake-3.28/Modules/Compiler/GNU-C.cmake",
		"C:/Program Files/JetBrains/CLion 2024.1/bin/cmake/win/x64/share/cmake-3.28/Modules/Compiler/GNU.cmake",
		"C:/Program Files/JetBrains/CLion 2024.1/bin/cmake/win/x64/share/cmake-3.28/Modules/Compiler/CMakeCommonCompilerMacros.cmake",
		"C:/Program Files/JetBrains/CLion 2024.1/bin/cmake/win/x64/share/cmake-3.28/Modules/Platform/Windows-GNU-C.cmake",
		"C:/Program Files/JetBrains/CLion 2024.1/bin/cmake/win/x64/share/cmake-3.28/Modules/Platform/Windows-GNU.cmake",
		"C:/Users/duhao/Desktop/code/CLion/cpp/McDonalds_Ordering_System_GUI_V1_3/cmake-build-debug-mingw-qt/CMakeFiles/3.28.1/CMakeRCCompiler.cmake",
		"C:/Program Files/JetBrains/CLion 2024.1/bin/cmake/win/x64/share/cmake-3.28/Modules/CMakeRCInformation.cmake",
		"C:/Program Files/JetBrains/CLion 2024.1/bin/cmake/win/x64/share/cmake-3.28/Modules/Platform/Windows-windres.cmake",
		"C:/Program Files/JetBrains/CLion 2024.1/bin/cmake/win/x64/share/cmake-3.28/Modules/Platform/Windows-GNU-C-ABI.cmake",
		"C:/Program Files/JetBrains/CLion 2024.1/bin/cmake/win/x64/share/cmake-3.28/Modules/CMakeCommonLanguageInclude.cmake",
		"C:/Program Files/JetBrains/CLion 2024.1/bin/cmake/win/x64/share/cmake-3.28/Modules/CMakeCXXInformation.cmake",
		"C:/Program Files/JetBrains/CLion 2024.1/bin/cmake/win/x64/share/cmake-3.28/Modules/CMakeLanguageInformation.cmake",
		"C:/Program Files/JetBrains/CLion 2024.1/bin/cmake/win/x64/share/cmake-3.28/Modules/Compiler/GNU-CXX.cmake",
		"C:/Program Files/JetBrains/CLion 2024.1/bin/cmake/win/x64/share/cmake-3.28/Modules/Compiler/GNU.cmake",
		"C:/Program Files/JetBrains/CLion 2024.1/bin/cmake/win/x64/share/cmake-3.28/Modules/Platform/Windows-GNU-CXX.cmake",
		"C:/Program Files/JetBrains/CLion 2024.1/bin/cmake/win/x64/share/cmake-3.28/Modules/Platform/Windows-GNU.cmake",
		"C:/Program Files/JetBrains/CLion 2024.1/bin/cmake/win/x64/share/cmake-3.28/Modules/Platform/Windows-GNU-CXX-ABI.cmake",
		"C:/Program Files/JetBrains/CLion 2024.1/bin/cmake/win/x64/share/cmake-3.28/Modules/CMakeCommonLanguageInclude.cmake",
		"C:/Qt/Qt5.14.0/5.14.0/mingw73_64/lib/cmake/Qt5/Qt5ConfigVersion.cmake",
		"C:/Qt/Qt5.14.0/5.14.0/mingw73_64/lib/cmake/Qt5/Qt5Config.cmake",
		"C:/Qt/Qt5.14.0/5.14.0/mingw73_64/lib/cmake/Qt5/Qt5ModuleLocation.cmake",
		"C:/Qt/Qt5.14.0/5.14.0/mingw73_64/lib/cmake/Qt5Core/Qt5CoreConfigVersion.cmake",
		"C:/Qt/Qt5.14.0/5.14.0/mingw73_64/lib/cmake/Qt5Core/Qt5CoreConfig.cmake",
		"C:/Qt/Qt5.14.0/5.14.0/mingw73_64/lib/cmake/Qt5Core/Qt5CoreConfigExtras.cmake",
		"C:/Qt/Qt5.14.0/5.14.0/mingw73_64/lib/cmake/Qt5Core/Qt5CoreConfigExtrasMkspecDir.cmake",
		"C:/Qt/Qt5.14.0/5.14.0/mingw73_64/lib/cmake/Qt5Core/Qt5CoreMacros.cmake",
		"C:/Program Files/JetBrains/CLion 2024.1/bin/cmake/win/x64/share/cmake-3.28/Modules/CMakeParseArguments.cmake",
		"C:/Qt/Qt5.14.0/5.14.0/mingw73_64/lib/cmake/Qt5Gui/Qt5GuiConfigVersion.cmake",
		"C:/Qt/Qt5.14.0/5.14.0/mingw73_64/lib/cmake/Qt5Gui/Qt5GuiConfig.cmake",
		"C:/Qt/Qt5.14.0/5.14.0/mingw73_64/lib/cmake/Qt5Gui/Qt5Gui_QGifPlugin.cmake",
		"C:/Qt/Qt5.14.0/5.14.0/mingw73_64/lib/cmake/Qt5Gui/Qt5Gui_QICNSPlugin.cmake",
		"C:/Qt/Qt5.14.0/5.14.0/mingw73_64/lib/cmake/Qt5Gui/Qt5Gui_QICOPlugin.cmake",
		"C:/Qt/Qt5.14.0/5.14.0/mingw73_64/lib/cmake/Qt5Gui/Qt5Gui_QJpegPlugin.cmake",
		"C:/Qt/Qt5.14.0/5.14.0/mingw73_64/lib/cmake/Qt5Gui/Qt5Gui_QMinimalIntegrationPlugin.cmake",
		"C:/Qt/Qt5.14.0/5.14.0/mingw73_64/lib/cmake/Qt5Gui/Qt5Gui_QOffscreenIntegrationPlugin.cmake",
		"C:/Qt/Qt5.14.0/5.14.0/mingw73_64/lib/cmake/Qt5Gui/Qt5Gui_QSvgIconPlugin.cmake",
		"C:/Qt/Qt5.14.0/5.14.0/mingw73_64/lib/cmake/Qt5Gui/Qt5Gui_QSvgPlugin.cmake",
		"C:/Qt/Qt5.14.0/5.14.0/mingw73_64/lib/cmake/Qt5Gui/Qt5Gui_QTgaPlugin.cmake",
		"C:/Qt/Qt5.14.0/5.14.0/mingw73_64/lib/cmake/Qt5Gui/Qt5Gui_QTiffPlugin.cmake",
		"C:/Qt/Qt5.14.0/5.14.0/mingw73_64/lib/cmake/Qt5Gui/Qt5Gui_QTuioTouchPlugin.cmake",
		"C:/Qt/Qt5.14.0/5.14.0/mingw73_64/lib/cmake/Qt5Gui/Qt5Gui_QVirtualKeyboardPlugin.cmake",
		"C:/Qt/Qt5.14.0/5.14.0/mingw73_64/lib/cmake/Qt5Gui/Qt5Gui_QWbmpPlugin.cmake",
		"C:/Qt/Qt5.14.0/5.14.0/mingw73_64/lib/cmake/Qt5Gui/Qt5Gui_QWebpPlugin.cmake",
		"C:/Qt/Qt5.14.0/5.14.0/mingw73_64/lib/cmake/Qt5Gui/Qt5Gui_QWindowsDirect2DIntegrationPlugin.cmake",
		"C:/Qt/Qt5.14.0/5.14.0/mingw73_64/lib/cmake/Qt5Gui/Qt5Gui_QWindowsIntegrationPlugin.cmake",
		"C:/Qt/Qt5.14.0/5.14.0/mingw73_64/lib/cmake/Qt5Gui/Qt5Gui_QXdgDesktopPortalThemePlugin.cmake",
		"C:/Qt/Qt5.14.0/5.14.0/mingw73_64/lib/cmake/Qt5Gui/Qt5GuiConfigExtras.cmake",
		"C:/Qt/Qt5.14.0/5.14.0/mingw73_64/lib/cmake/Qt5Widgets/Qt5WidgetsConfigVersion.cmake",
		"C:/Qt/Qt5.14.0/5.14.0/mingw73_64/lib/cmake/Qt5Widgets/Qt5WidgetsConfig.cmake",
		"C:/Qt/Qt5.14.0/5.14.0/mingw73_64/lib/cmake/Qt5Widgets/Qt5Widgets_QWindowsVistaStylePlugin.cmake",
		"C:/Qt/Qt5.14.0/5.14.0/mingw73_64/lib/cmake/Qt5Widgets/Qt5WidgetsConfigExtras.cmake",
		"C:/Qt/Qt5.14.0/5.14.0/mingw73_64/lib/cmake/Qt5Widgets/Qt5WidgetsMacros.cmake",
		"C:/Program Files/JetBrains/CLion 2024.1/bin/cmake/win/x64/share/cmake-3.28/Modules/CMakeParseArguments.cmake"
	],
	"CMAKE_SOURCE_DIR" : "C:/Users/duhao/Desktop/code/CLion/cpp/McDonalds_Ordering_System_GUI_V1_3",
	"DEP_FILE" : "",
	"DEP_FILE_RULE_NAME" : "",
	"HEADERS" : 
	[
		[
			"C:/Users/duhao/Desktop/code/CLion/cpp/McDonalds_Ordering_System_GUI_V1_3/dict.h",
			"MU",
			"EWIEGA46WW/moc_dict.cpp",
			null
		],
		[
			"C:/Users/duhao/Desktop/code/CLion/cpp/McDonalds_Ordering_System_GUI_V1_3/homepage.h",
			"MU",
			"EWIEGA46WW/moc_homepage.cpp",
			null
		],
		[
			"C:/Users/duhao/Desktop/code/CLion/cpp/McDonalds_Ordering_System_GUI_V1_3/mainwindow.h",
			"MU",
			"EWIEGA46WW/moc_mainwindow.cpp",
			null
		],
		[
			"C:/Users/duhao/Desktop/code/CLion/cpp/McDonalds_Ordering_System_GUI_V1_3/panel_body.h",
			"MU",
			"EWIEGA46WW/moc_panel_body.cpp",
			null
		],
		[
			"C:/Users/duhao/Desktop/code/CLion/cpp/McDonalds_Ordering_System_GUI_V1_3/startpage.h",
			"MU",
			"EWIEGA46WW/moc_startpage.cpp",
			null
		]
	],
	"HEADER_EXTENSIONS" : [ "h", "hh", "h++", "hm", "hpp", "hxx", "in", "txx" ],
	"INCLUDE_DIR" : "C:/Users/duhao/Desktop/code/CLion/cpp/McDonalds_Ordering_System_GUI_V1_3/cmake-build-debug-mingw-qt/McDonalds_Ordering_System_GUI_V1_3_autogen/include",
	"MOC_COMPILATION_FILE" : "C:/Users/duhao/Desktop/code/CLion/cpp/McDonalds_Ordering_System_GUI_V1_3/cmake-build-debug-mingw-qt/McDonalds_Ordering_System_GUI_V1_3_autogen/mocs_compilation.cpp",
	"MOC_DEFINITIONS" : [ "QT_CORE_LIB", "QT_GUI_LIB", "QT_WIDGETS_LIB" ],
	"MOC_DEPEND_FILTERS" : 
	[
		[
			"Q_PLUGIN_METADATA",
			"[\n][ \t]*Q_PLUGIN_METADATA[ \t]*\\([^\\)]*FILE[ \t]*\"([^\"]+)\""
		]
	],
	"MOC_INCLUDES" : 
	[
		"C:/Qt/Qt5.14.0/5.14.0/mingw73_64/include",
		"C:/Qt/Qt5.14.0/5.14.0/mingw73_64/include/QtCore",
		"C:/Qt/Qt5.14.0/5.14.0/mingw73_64/mkspecs/win32-g++",
		"C:/Qt/Qt5.14.0/5.14.0/mingw73_64/include/QtGui",
		"C:/Qt/Qt5.14.0/5.14.0/mingw73_64/include/QtANGLE",
		"C:/Qt/Qt5.14.0/5.14.0/mingw73_64/include/QtWidgets",
		"C:/Qt/Tools/mingw1310_64/lib/gcc/x86_64-w64-mingw32/13.1.0/include/c++",
		"C:/Qt/Tools/mingw1310_64/lib/gcc/x86_64-w64-mingw32/13.1.0/include/c++/x86_64-w64-mingw32",
		"C:/Qt/Tools/mingw1310_64/lib/gcc/x86_64-w64-mingw32/13.1.0/include/c++/backward",
		"C:/Qt/Tools/mingw1310_64/lib/gcc/x86_64-w64-mingw32/13.1.0/include",
		"C:/Qt/Tools/mingw1310_64/lib/gcc/x86_64-w64-mingw32/13.1.0/include-fixed",
		"C:/Qt/Tools/mingw1310_64/x86_64-w64-mingw32/include"
	],
	"MOC_MACRO_NAMES" : [ "Q_OBJECT", "Q_GADGET", "Q_NAMESPACE", "Q_NAMESPACE_EXPORT" ],
	"MOC_OPTIONS" : [],
	"MOC_PATH_PREFIX" : false,
	"MOC_PREDEFS_CMD" : 
	[
		"C:/Qt/Tools/mingw1310_64/bin/c++.exe",
		"-dM",
		"-E",
		"-c",
		"C:/Program Files/JetBrains/CLion 2024.1/bin/cmake/win/x64/share/cmake-3.28/Modules/CMakeCXXCompilerABI.cpp"
	],
	"MOC_PREDEFS_FILE" : "C:/Users/duhao/Desktop/code/CLion/cpp/McDonalds_Ordering_System_GUI_V1_3/cmake-build-debug-mingw-qt/McDonalds_Ordering_System_GUI_V1_3_autogen/moc_predefs.h",
	"MOC_RELAXED_MODE" : false,
	"MOC_SKIP" : [],
	"MULTI_CONFIG" : false,
	"PARALLEL" : 24,
	"PARSE_CACHE_FILE" : "C:/Users/duhao/Desktop/code/CLion/cpp/McDonalds_Ordering_System_GUI_V1_3/cmake-build-debug-mingw-qt/CMakeFiles/McDonalds_Ordering_System_GUI_V1_3_autogen.dir/ParseCache.txt",
	"QT_MOC_EXECUTABLE" : "C:/Qt/Qt5.14.0/5.14.0/mingw73_64/bin/moc.exe",
	"QT_UIC_EXECUTABLE" : "C:/Qt/Qt5.14.0/5.14.0/mingw73_64/bin/uic.exe",
	"QT_VERSION_MAJOR" : 5,
	"QT_VERSION_MINOR" : 14,
	"SETTINGS_FILE" : "C:/Users/duhao/Desktop/code/CLion/cpp/McDonalds_Ordering_System_GUI_V1_3/cmake-build-debug-mingw-qt/CMakeFiles/McDonalds_Ordering_System_GUI_V1_3_autogen.dir/AutogenUsed.txt",
	"SOURCES" : 
	[
		[
			"C:/Users/duhao/Desktop/code/CLion/cpp/McDonalds_Ordering_System_GUI_V1_3/dict.cpp",
			"MU",
			null
		],
		[
			"C:/Users/duhao/Desktop/code/CLion/cpp/McDonalds_Ordering_System_GUI_V1_3/homepage.cpp",
			"MU",
			null
		],
		[
			"C:/Users/duhao/Desktop/code/CLion/cpp/McDonalds_Ordering_System_GUI_V1_3/main.cpp",
			"MU",
			null
		],
		[
			"C:/Users/duhao/Desktop/code/CLion/cpp/McDonalds_Ordering_System_GUI_V1_3/mainwindow.cpp",
			"MU",
			null
		],
		[
			"C:/Users/duhao/Desktop/code/CLion/cpp/McDonalds_Ordering_System_GUI_V1_3/panel_body.cpp",
			"MU",
			null
		],
		[
			"C:/Users/duhao/Desktop/code/CLion/cpp/McDonalds_Ordering_System_GUI_V1_3/startpage.cpp",
			"MU",
			null
		]
	],
	"UIC_OPTIONS" : [],
	"UIC_SEARCH_PATHS" : [],
	"UIC_SKIP" : [],
	"UIC_UI_FILES" : [],
	"VERBOSITY" : 0
}
